Date,Open,High,Low,Close,Adj Close,Volume
18/09/2024,246.31718364531451,276.41382571151655,238.19901592257938,252.6236114501953,252.6236114501953,11080
19/09/2024,285.5219873947665,314.628592333639,280.27488933706127,302.84735107421875,302.84735107421875,123970
20/09/2024,297.9962761734361,311.4605657906576,285.9180097051113,297.7388610839844,297.7388610839844,32450
23/09/2024,308.985512214906,326.31087702751483,300.3723187657079,319.7767333984375,319.7767333984375,79290
24/09/2024,319.430201302376,336.7060761434251,307.06485132468123,335.8150634765625,335.8150634765625,38990
25/09/2024,328.3403916545297,353.1404307753062,325.41984842789225,327.2018737792969,327.2018737792969,48980
26/09/2024,349.2793423359777,393.0382758084287,346.01228562983835,386.7021484375,386.7021484375,131200
27/09/2024,407.9875694906099,450.36044679043414,397.6913594209648,434.817138671875,434.817138671875,141520
30/09/2024,398.7803774560683,430.9560543679147,391.15723520785366,396.99835205078125,396.99835205078125,276890
01/10/2024,399.2753768542911,400.0674116227075,342.54719705695277,369.0797424316406,369.0797424316406,228970
02/10/2024,363.63463080894655,418.7788019173164,353.63544481539327,376.3069152832031,376.3069152832031,229920
03/10/2024,370.8617949464647,382.14802593937253,345.1212543391495,371.7528076171875,371.7528076171875,170280
04/10/2024,387.6921681755064,430.56005859375,373.6338601191798,430.56005859375,430.56005859375,339730
07/10/2024,447.2913923121586,504.51461357005684,442.34128823516244,476.20001220703125,476.20001220703125,508290
08/10/2024,477.5860450531831,538.6703124821809,468.6263685761743,507.08868408203125,507.08868408203125,474090
09/10/2024,495.5054201512139,538.571325798722,469.33917714340873,490.3572998046875,490.3572998046875,353070
10/10/2024,506.19762854783323,506.19762854783323,432.63909438028963,463.0327453613281,463.0327453613281,372400
11/10/2024,485.1101881864088,606.7837677203273,481.64511541364874,606.2887573242188,606.2887573242188,515860
14/10/2024,675.9862295227283,688.0644960713546,542.5314299958308,544.2144775390625,544.2144775390625,636040
15/10/2024,571.2419946260583,593.5174623541109,478.9522555682454,500.75250244140625,500.75250244140625,709900
16/10/2024,534.3142312076687,536.0962565403166,490.1592980335783,503.7225646972656,503.7225646972656,319770
17/10/2024,492.2383629984444,525.8990708243691,458.6766330839304,498.2774658203125,498.2774658203125,304060
18/10/2024,520.1569661324604,627.3762094992587,518.1175256480155,612.327880859375,612.327880859375,582330
21/10/2024,604.8037601649738,653.0177271178333,570.845996740444,629.6532592773438,629.6532592773438,600450
22/10/2024,617.3769438527074,642.721512471072,592.0324356604168,628.3662109375,628.3662109375,333240
23/10/2024,603.9126712007164,648.463605961425,547.5804650773025,595.2005004882812,595.2005004882812,502850
24/10/2024,630.0492655165915,722.6162109375,622.426093220243,722.6162109375,722.6162109375,721160
25/10/2024,722.7152206468926,779.1464091083623,672.0261410313746,709.7459716796875,709.7459716796875,873400
28/10/2024,772.2162374303608,862.1101155485775,762.4150071694684,836.963623046875,836.963623046875,686380
29/10/2024,894.7807755646156,918.7392907048489,808.648967061036,852.4078979492188,852.4078979492188,988220
30/10/2024,774.9882930225775,837.6565994265336,727.6653094714201,782.116455078125,782.116455078125,717280
31/10/2024,807.8570085372812,814.787154443851,716.9731071620524,759.2470092773438,759.2470092773438,710360
01/11/2024,765.7811216812813,829.746353813577,645.0975568089136,667.2740478515625,667.2740478515625,724670
04/11/2024,650.0476331176486,677.3722434536327,615.396905117218,628.6632080078125,628.6632080078125,388480
05/11/2024,683.7083709933654,741.5256124785452,641.2562723500936,653.4137573242188,653.4137573242188,512530
06/11/2024,842.8046853909779,844.1907386656792,738.0604980247874,820.7272338867188,820.7272338867188,765910
07/11/2024,811.5200550284745,970.2203758501826,792.0166333470878,906.4630126953125,906.4630126953125,646870
08/11/2024,942.3018128985971,964.2802873862504,851.71490705071,905.7700805664062,905.7700805664062,593920
11/11/2024,1069.222433212321,1442.6582198785811,1054.7681541189538,1366.921630859375,1366.921630859375,1028720
12/11/2024,1324.350844053428,1523.642089702334,1255.8414495044904,1489.684326171875,1489.684326171875,1122460
13/11/2024,1574.1330722609966,1720.6561506852906,1202.9742501090275,1253.3663330078125,1253.3663330078125,1092470
14/11/2024,1358.5064607507138,1403.849460641196,1174.164640564498,1246.4361572265625,1246.4361572265625,550860
15/11/2024,1311.1835379738616,1407.5124868255116,1212.7754488139572,1337.51806640625,1337.51806640625,504970
18/11/2024,1376.9210303111252,1707.7859461451721,1327.221911714913,1681.451416015625,1681.451416015625,839960
19/11/2024,1752.3369105830611,2256.6534366420215,1655.314866946259,2083.993896484375,2083.993896484375,1093420
20/11/2024,2420.10581869271,2794.0366223544024,2345.8542595182557,2541.680419921875,2541.680419921875,1245280
21/11/2024,3094.012996504019,3118.565561007734,1633.5343414802417,1826.6873779296875,1826.6873779296875,1835600
22/11/2024,1894.899830922114,2370.6048302732506,1801.8378747535253,2071.12353515625,2071.12353515625,1042760
25/11/2024,2229.7248039006568,2237.4470145039636,1699.2717302299886,1848.6658935546875,1848.6658935546875,987580
26/11/2024,1653.3348138634979,1808.9660426120624,1262.2765794466825,1399.097412109375,1399.097412109375,1351140
27/11/2024,1613.535931659837,1665.214968549835,1488.0012471643292,1593.9334716796875,1593.9334716796875,792810
29/11/2024,1742.5355925086187,1831.3405311162155,1526.3150247993535,1570.27197265625,1570.27197265625,459600
02/12/2024,1618.5850624639497,1653.3347690685532,1433.055136662713,1473.052001953125,1473.052001953125,626700
03/12/2024,1370.8817963659292,1568.1237480449015,1336.6270997832328,1410.878662109375,1410.878662109375,509440
04/12/2024,1459.8846305533261,1677.095215720902,1344.4482307845246,1653.334716796875,1653.334716796875,572570
05/12/2024,1934.5005928308258,1963.112217376286,1455.3305381071207,1514.038818359375,1514.038818359375,884310
06/12/2024,1575.1230774309652,1641.1574158057851,1485.0311855100238,1574.133056640625,1574.133056640625,477670
09/12/2024,1549.6796518115068,1596.2106307696108,1311.7775982869775,1328.805908203125,1328.805908203125,428520
10/12/2024,1383.1580100509782,1415.4623929944653,1245.3471655684025,1402.0673828125,1402.0673828125,382930
11/12/2024,1465.2308160401003,1663.2349803698435,1463.2507743968029,1650.7607421875,1650.7607421875,454760
12/12/2024,1671.749128565923,1692.0445553283862,1459.7856956708235,1520.572998046875,1520.572998046875,403780
13/12/2024,1564.232931971325,1626.2082125739353,1470.378907712184,1620.3670654296875,1620.3670654296875,359250
16/12/2024,1772.137279231374,1845.3988203839558,1603.8337387457125,1623.6341552734375,1623.6341552734375,437316
17/12/2024,1655.314835172086,1677.0952935296136,1443.45037660341,1465.2308349609375,1465.2308349609375,390903
18/12/2024,1426.6200521314468,1465.2308654785156,1076.1526694426666,1172.1846923828125,1172.1846923828125,530972
19/12/2024,1262.276496999735,1282.0769126389464,990.0207819605764,1006.8511352539062,1006.8511352539062,546492
20/12/2024,959.3301559570313,1237.5260009765625,947.4499063476562,1237.5260009765625,1237.5260009765625,649819
23/12/2024,1189.0150646077159,1206.835440263785,1001.9011202189913,1025.66162109375,1025.66162109375,423179
24/12/2024,1090.012904561189,1188.0249640993886,1086.0528213475245,1174.1646728515625,1174.1646728515625,316548
26/12/2024,1108.8232738646896,1123.6735855682343,1050.412047830746,1068.232421875,1068.232421875,265279
27/12/2024,1067.2424364013673,1068.2324572143555,942.4998139648437,990.0208129882812,990.0208129882812,327425
30/12/2024,910.8191589647503,924.6794505142138,815.7771597684285,827.6574096679688,827.6574096679688,548614
31/12/2024,900.9189573589124,900.9189573589124,724.6952492161801,752.4158325195312,752.4158325195312,611401
02/01/2025,806.8669739519349,854.3879736448096,762.3160367398649,805.876953125,805.876953125,418658
03/01/2025,815.7771489162071,1030.6116650749655,810.8270448572496,1009.8212280273438,1009.8212280273438,487667
06/01/2025,1074.17256851075,1267.2266246025438,988.2387751151048,1245.4461669921875,1245.4461669921875,667220
07/01/2025,1158.3243151722388,1191.9850217669878,958.3401171681429,998.9309692382812,998.9309692382812,622801
08/01/2025,959.3301396075343,1010.8112203707869,850.4278533775769,945.4698486328125,945.4698486328125,535566
10/01/2025,927.649506340274,965.2702974191752,857.3580282718008,916.75927734375,916.75927734375,425707
13/01/2025,808.846981358554,916.7592469253623,772.2162123129402,913.7891845703125,913.7891845703125,490851
14/01/2025,992.0008546142578,1057.3422282714844,927.6495017700196,990.0208129882812,990.0208129882812,532732
15/01/2025,1077.1426685967301,1136.5439187031675,1050.5110839619135,1090.012939453125,1090.012939453125,486779
16/01/2025,1077.1426366843034,1150.4041763117284,1002.8910762511023,1122.68359375,1122.68359375,434029
17/01/2025,1232.5759229928776,1323.657838587532,1211.7854857375762,1299.8973388671875,1299.8973388671875,625856
21/01/2025,1303.8574256384325,1360.2886126250617,1117.733510664989,1252.3763427734375,1252.3763427734375,669500
22/01/2025,1223.665712596184,1264.2565655221092,1140.503965138191,1182.0848388671875,1182.0848388671875,367546
23/01/2025,1144.4640497695111,1260.2964838724806,1138.523924943718,1154.3642578125,1154.3642578125,600994
24/01/2025,1186.0449657969498,1186.0449657969498,1016.7514022316088,1034.57177734375,1034.57177734375,457259
27/01/2025,928.6394939861736,1045.4619463213214,845.4777482560686,989.03076171875,989.03076171875,610749
28/01/2025,972.2004427275432,997.940983981022,908.8391104112878,922.6994018554688,922.6994018554688,323208
29/01/2025,937.5497123082479,965.2702951431274,887.0586507161458,950.4199829101562,950.4199829101562,344416
30/01/2025,977.1505450605101,1034.5717523690305,937.3516961855966,948.43994140625,948.43994140625,329310
31/01/2025,941.509766687636,1012.791263219192,898.2458462909075,909.8291015625,909.8291015625,354941
03/02/2025,778.1563354368006,989.0307622154756,766.2760860408189,973.1904296875,973.1904296875,554585
04/02/2025,945.4698475242021,1014.771302316552,942.0047747845847,981.110595703125,981.110595703125,278476
05/02/2025,987.0507224486386,1006.6531219025242,900.4239037783718,919.7293090820312,919.7293090820312,285639
06/02/2025,926.6594569271438,958.3401221212341,830.7264184658594,854.387939453125,854.387939453125,329883
07/02/2025,902.8989575892857,951.4099761439732,862.308105329241,866.2681884765625,866.2681884765625,392557
10/02/2025,902.8989869505494,929.629549064217,868.2482582846841,900.9189453125,900.9189453125,227637
11/02/2025,887.0586268137847,920.2243232404162,814.2920988329665,818.7471923828125,818.7471923828125,314724
12/02/2025,796.9667623214546,876.1684281422201,791.0266373848971,853.39794921875,853.39794921875,301923
13/02/2025,845.4777527213236,873.1983347777605,804.8869004243982,844.4877319335938,844.4877319335938,306417
14/02/2025,841.5176675719213,943.4898084659305,835.5775428596488,903.8889770507812,903.8889770507812,304740
18/02/2025,905.8690191670804,920.7193309567047,849.4378343665081,888.0486450195312,888.0486450195312,231437
19/02/2025,905.8690566454238,919.7293482225123,797.956786509521,805.876953125,805.876953125,314741
20/02/2025,835.0825658551813,850.4278886420875,787.0665558445396,827.6574096679688,827.6574096679688,262579
21/02/2025,851.417920195422,854.3879827077316,703.9048154173779,706.8748779296875,706.8748779296875,410552
24/02/2025,726.6753030443948,726.6753030443948,595.0025301494296,623.713134765625,623.713134765625,537741
25/02/2025,554.4116561858316,568.2719475904773,451.4494914656057,482.14013671875,482.14013671875,969328
26/02/2025,461.34969709156604,532.7301732651316,455.4095722363098,527.6810913085938,527.6810913085938,695647
27/02/2025,547.4815140981523,561.4407835059932,434.8171567360442,436.59918212890625,436.59918212890625,716151
28/02/2025,428.67901229087755,497.9804692432134,404.9185127643624,490.060302734375,490.060302734375,898809
03/03/2025,643.5135304426947,643.5135304426947,453.42953375808327,471.2499084472656,471.2499084472656,1491295
04/03/2025,429.6690529836735,630.6432874437788,418.77882353017026,562.3318481445312,562.3318481445312,1237450
05/03/2025,576.6871388026645,708.854920828683,549.4615657261439,693.0145874023438,693.0145874023438,1063671
06/03/2025,652.4237341700073,754.3958807853498,624.703150624089,679.154296875,679.154296875,1064407
07/03/2025,647.4736374302914,704.8948468660053,576.1921360618189,601.9326782226562,601.9326782226562,901713
10/03/2025,518.7709136056428,537.5813093279849,371.2578103093818,399.9684143066406,399.9684143066406,1604262
11/03/2025,417.7887844366776,479.66508544921874,374.22786852384866,470.2598876953125,470.2598876953125,1332889
12/03/2025,488.080261926928,504.41560537884345,426.6989713803367,477.1900329589844,477.1900329589844,1091983
13/03/2025,477.1900326456622,505.90063626957135,446.59839551658723,482.14013671875,482.14013671875,703755
14/03/2025,515.8008640690854,606.8827824843557,512.9297794268687,601.9326782226562,601.9326782226562,974485
17/03/2025,577.1821282907695,599.9526067653625,538.5713169642858,589.0623779296875,589.0623779296875,594599
18/03/2025,544.511474609375,576.1921422230114,504.9106400923295,544.511474609375,544.511474609375,689229
19/03/2025,573.2220714750744,643.5135517423115,559.3617795913939,623.713134765625,623.713134765625,753904
20/03/2025,601.9326770413306,645.4935944587954,580.1522183325983,613.8129272460938,613.8129272460938,766818
21/03/2025,587.0823635417185,630.1482704794331,577.1821550502899,621.7330932617188,621.7330932617188,551806
24/03/2025,672.7191284909192,754.3958438706113,652.9187126412968,745.4856567382812,745.4856567382812,858985
25/03/2025,741.525601523263,785.0865180346431,722.7152057569854,776.1763305664062,776.1763305664062,683382
26/03/2025,753.4058558633883,770.236210067958,677.1742515250428,722.7152099609375,722.7152099609375,646249
27/03/2025,687.074431896886,737.56549245415,669.2540575825576,697.9646606445312,697.9646606445312,573306
28/03/2025,668.2640822037406,681.1343534165534,544.5114743882331,546.4915161132812,546.4915161132812,879585
31/03/2025,518.7709325993018,567.2819549225189,483.1301815046932,540.5513916015625,540.5513916015625,737227
01/04/2025,559.3617530735347,613.812897178038,512.8307753842317,604.9027099609375,604.9027099609375,843011
02/04/2025,575.2021122932434,660.3439051628112,572.2320497512817,633.6133422851562,633.6133422851562,922189
03/04/2025,527.6810923140179,578.1721536798995,486.10021824799765,510.8507385253906,510.8507385253906,750052
04/04/2025,517.7809111000835,569.2619959513346,446.49940899835116,546.4915161132812,546.4915161132812,1218052
07/04/2025,424.7189314249854,564.3118669283023,396.9983484881565,449.4694519042969,449.4694519042969,1538902
08/04/2025,489.07027272814923,502.9305638580968,346.50727824868875,350.9623718261719,350.9623718261719,1124323
09/04/2025,365.3177002881416,539.5613730543013,362.347637684173,520.7509765625,520.7509765625,1854650
10/04/2025,475.2099940039503,493.03036877909847,399.9684116199915,438.5792236328125,438.5792236328125,1126996
11/04/2025,462.3397453511169,537.5813313183222,449.46947406725286,520.7509765625,520.7509765625,920686
14/04/2025,560.351776069224,574.2120673500882,523.7210062555115,561.341796875,561.341796875,783686
15/04/2025,567.281921818826,594.0124835799226,546.4914848935288,559.3617553710938,559.3617553710938,709455
16/04/2025,539.5613683781154,588.0723904891753,535.6012849404779,562.3318481445312,562.3318481445312,721862
17/04/2025,568.2719265801799,591.0424044745076,540.5513447957808,579.6571655273438,579.6571655273438,615017
21/04/2025,608.8628262889629,630.6432851155599,550.4515957994525,582.1322631835938,582.1322631835938,869081
22/04/2025,623.7131302777459,695.9846517226275,616.7829843857709,673.2141723632812,673.2141723632812,1073252
23/04/2025,722.7151811657696,725.6852435541222,658.3638294181327,684.1043701171875,684.1043701171875,795358
24/04/2025,681.1343070411951,702.9147645337915,674.3031393844512,699.9447021484375,699.9447021484375,529582
25/04/2025,713.805018432305,792.0166640025576,712.7160196897319,774.1962890625,774.1962890625,735088
28/04/2025,795.976747162488,795.976747162488,713.8050182887486,776.1763305664062,776.1763305664062,620557
29/04/2025,774.1962852569507,836.5675972405669,765.2860978307198,825.6773681640625,825.6773681640625,535986
30/04/2025,789.0465980566643,836.0725872758507,743.5056400759785,819.7372436523438,819.7372436523438,599443
01/05/2025,873.198335535386,922.6993749648298,822.7072753173535,824.6873168945312,824.6873168945312,865140
02/05/2025,875.1783751409245,910.819123449831,850.4278554819617,878.1484375,878.1484375,653394
05/05/2025,828.647429486443,868.0502461868438,790.0366173598346,841.5177001953125,841.5177001953125,571068
06/05/2025,807.8569630639793,847.5567724951009,805.8769214878421,836.5675659179688,836.5675659179688,430967
07/05/2025,878.1484687840014,885.078614535397,850.4278857784184,867.2582397460938,867.2582397460938,444144
08/05/2025,939.5297529501993,1004.3761162992383,921.7093782893946,966.2603149414062,966.2603149414062,863001
09/05/2025,990.5157935168818,1037.0467703237719,926.1644426137361,969.2303466796875,969.2303466796875,661622
12/05/2025,992.9908636583073,999.9210092670891,899.4338979397529,919.2343139648438,919.2343139648438,740458
13/05/2025,950.9149907582297,996.9509585565198,913.7892102757376,992.0008544921875,992.0008544921875,627038
14/05/2025,984.0806894750926,1012.7912930915692,940.5197736431973,968.2403564453125,968.2403564453125,462251
15/05/2025,944.4798301860203,962.3002043404736,865.4761835198258,878.1484375,878.1484375,602070
16/05/2025,888.048645087727,916.7592478832053,841.517668143331,886.068603515625,886.068603515625,461438
19/05/2025,853.3979157871114,952.3999941846881,853.3979157871114,943.4898071289062,943.4898071289062,535372
20/05/2025,945.4698779597663,966.2603150667351,912.799191077387,964.2802734375,964.2802734375,475127
21/05/2025,955.3700581756086,992.0008272455542,864.2881458935817,895.9688110351562,895.9688110351562,969905
22/05/2025,943.4898092524638,998.930973279891,878.1484373629962,882.1085205078125,882.1085205078125,721725
23/05/2025,842.5077287992685,844.4877704650718,737.5655205116981,746.4757080078125,746.4757080078125,813300
27/05/2025,793.0066863055005,793.0066863055005,723.9032443281391,756.3759155273438,756.3759155273438,619244
28/05/2025,740.5355537738983,748.4557201244213,699.944701227468,721.7251586914062,721.7251586914062,427408
29/05/2025,747.4656982421875,761.3259893354201,715.7850328862272,747.4656982421875,747.4656982421875,399705
30/05/2025,742.5156253272662,754.3958753325024,699.9447294751697,738.5555419921875,738.5555419921875,421438
02/06/2025,732.6154158742804,776.1763324938322,732.1204054581492,752.4158325195312,752.4158325195312,334110
03/06/2025,781.1264320187452,826.6673900325123,748.9507551611923,811.8170776367188,811.8170776367188,436126
04/06/2025,803.8969141251001,807.8569974459134,763.3060600867639,772.2162475585938,772.2162475585938,369917
05/06/2025,794.9866968893651,802.6098690817381,716.7750542315073,733.6054077148438,733.6054077148438,537456
06/06/2025,766.2761240080586,780.1364156567831,736.6744769592806,754.3958740234375,754.3958740234375,339358
09/06/2025,782.1164229852097,837.5575871461866,768.2561319449655,824.6873168945312,824.6873168945312,436532
10/06/2025,834.5875560373499,834.5875560373499,790.0366188823313,819.7372436523438,819.7372436523438,318836
11/06/2025,823.697296932799,827.6573800911298,776.1762990328299,802.9068603515625,802.9068603515625,343852
12/06/2025,766.2761225773738,820.232257823455,749.9407788790189,772.2162475585938,772.2162475585938,311633
13/06/2025,752.4158008059419,786.5715180793695,734.5954265763274,783.1064453125,783.1064453125,406516
16/06/2025,802.9068926506236,804.3919238947369,762.3160386448584,780.1364135742188,780.1364135742188,402942
17/06/2025,750.435791015625,764.7910930865044,718.755124376443,750.435791015625,750.435791015625,371685
18/06/2025,734.5954598181886,748.3567735997685,718.8541043659397,724.6952514648438,724.6952514648438,319573
20/06/2025,740.535584660252,751.9208242639859,708.8549179368188,726.67529296875,726.67529296875,346304
23/06/2025,698.9546806789203,728.6553045038037,683.1143479723158,715.7850341796875,715.7850341796875,334317
24/06/2025,742.5156241969058,782.1164574874075,730.6353742097554,752.4158325195312,752.4158325195312,348061
25/06/2025,787.0665278665196,801.9168397130576,763.3060289120585,798.94677734375,798.94677734375,372196
26/06/2025,789.0466155527528,815.2821680146699,781.1264487717966,789.5416259765625,789.5416259765625,284307
27/06/2025,784.0964816433567,836.5675845816116,777.6613463773443,778.6513671875,778.6513671875,383411
30/06/2025,801.9168376591854,872.2083135527682,779.1463595528134,856.3679809570312,856.3679809570312,382200
01/07/2025,824.6873381511742,831.6174838499236,727.6652983686831,729.1503295898438,729.1503295898438,580568
02/07/2025,768.256159500591,850.427887900783,752.9108367270611,837.5576171875,837.5576171875,460798
03/07/2025,832.6074824808351,891.0187089568984,830.6274409053752,844.4877319335938,844.4877319335938,391027
07/07/2025,837.5575877531652,850.4278580141477,808.8469848632812,808.8469848632812,808.8469848632812,311158
08/07/2025,825.6773381297103,833.5975044427051,797.9567560342284,812.8070678710938,812.8070678710938,268180
09/07/2025,833.597501790909,892.0087281634311,808.8469821415351,888.0486450195312,888.0486450195312,411111
10/07/2025,877.1584448824735,915.7692567903928,871.2183199735629,912.7991943359375,912.7991943359375,480614
11/07/2025,955.370055715933,987.0507207759432,920.7193283065468,969.2303466796875,969.2303466796875,520799
14/07/2025,1021.7014459815058,1064.2723395640685,993.9808641137905,1040.5118408203125,1040.5118408203125,607846
15/07/2025,1010.8112495664567,1065.2623942541697,992.9908749413869,997.9409790039062,997.9409790039062,544486
16/07/2025,1028.631680034966,1064.2724312200082,1013.7813670411985,1057.34228515625,1057.34228515625,379443
17/07/2025,1039.5219118540524,1059.8173396569173,1017.7414527485389,1037.5418701171875,1037.5418701171875,366313
18/07/2025,1037.5418178774903,1048.4320468819296,901.9089657312917,906.8590698242188,906.8590698242188,709159
21/07/2025,937.549683343011,964.2802445365287,912.7991637193835,915.7692260742188,915.7692260742188,328804
22/07/2025,929.629516996612,950.4199534789643,863.2981244100592,917.749267578125,917.749267578125,400078
23/07/2025,902.8989578827855,905.8690202442419,829.6374196335244,858.3480224609375,858.3480224609375,398010
24/07/2025,864.2881774204001,886.068635499723,829.6374486578411,865.2781982421875,865.2781982421875,284411
25/07/2025,821.7172848635155,847.4578263170713,811.8170766121477,825.6773681640625,825.6773681640625,240443
28/07/2025,867.2582596721684,871.2183430496668,816.7671966090627,817.26220703125,817.26220703125,211311
29/07/2025,825.6773394690081,828.6474018411988,762.3160088622736,779.1463623046875,779.1463623046875,313052
30/07/2025,786.0765383949762,816.6682061880826,770.2362051275712,782.116455078125,782.116455078125,249499
31/07/2025,796.9667354653949,841.5176709883052,788.5515587555118,806.866943359375,806.866943359375,317602
01/08/2025,758.3559657765859,767.2661533640393,660.343902314599,663.31396484375,663.31396484375,608193
04/08/2025,686.0844093394056,745.485656901259,660.3438687292693,741.5255737304688,741.5255737304688,331573
05/08/2025,722.7152127591108,738.5555461894475,682.6193687635712,691.0345458984375,691.0345458984375,288510
06/08/2025,687.074460361544,721.7251896304979,681.1343353440091,716.7750854492188,716.7750854492188,261182
07/08/2025,736.0804576178017,802.9068609657528,731.6253640612716,787.0665283203125,787.0665283203125,396495
08/08/2025,769.2461861792184,815.7771652659922,734.5954570720463,758.35595703125,758.35595703125,435320
11/08/2025,793.0067001138806,830.6274923789586,772.2162622831795,777.661376953125,777.661376953125,415818
12/08/2025,779.1463632646113,781.1264048485112,737.5654900027134,755.3858642578125,755.3858642578125,408029
13/08/2025,764.2960522165208,770.2361769746803,710.8349293930854,735.58544921875,735.58544921875,441012
14/08/2025,694.9945995156135,700.9347242977982,643.5135180700124,670.2440795898438,670.2440795898438,527377
15/08/2025,665.2939926018448,667.2740342464931,623.7131180642294,644.008544921875,644.008544921875,333369
18/08/2025,621.7330921173095,648.4636549949646,613.8129253387451,633.6133422851562,633.6133422851562,279674
19/08/2025,632.6233319293011,637.5734362479968,529.6611621004321,540.5513916015625,540.5513916015625,612425
20/08/2025,547.9765010361508,567.2819062217062,503.9205763819345,563.8168334960938,563.8168334960938,469607
21/08/2025,548.4715585114755,560.351808876345,532.6312246916495,540.5513916015625,540.5513916015625,303749
22/08/2025,533.6212392337986,608.8628239866163,524.2160411396965,603.9127197265625,603.9127197265625,672934
25/08/2025,560.3518072945732,582.1322662353516,540.5513900756836,554.4116821289062,554.4116821289062,377427
26/08/2025,548.4715254824386,581.1422120183961,545.5014630700788,579.1621704101562,579.1621704101562,237288
27/08/2025,572.2320583081848,580.1522252051839,547.4815367550626,548.4715576171875,548.4715576171875,421981
28/08/2025,562.3318190319982,567.2819230727728,529.6611323628856,537.581298828125,537.581298828125,286465
29/08/2025,522.7310029380342,537.5813155215011,514.8108362268518,521.2459716796875,521.2459716796875,296581
02/09/2025,521.7409949755147,565.3019129620851,511.84078634220316,542.5314331054688,542.5314331054688,490982
03/09/2025,544.5114463567734,551.4415920376778,497.9804682135582,506.8906555175781,506.8906555175781,389475
04/09/2025,503.9205936872627,512.8307810019687,467.2898236156935,496.9904479980469,496.9904479980469,526986
05/09/2025,518.7709043672912,524.7110292264587,473.2299471136741,521.740966796875,521.740966796875,525903
08/09/2025,497.98045338577015,511.84074433487706,477.1900169621097,501.4455261230469,501.4455261230469,355667
09/09/2025,501.94055206177245,507.88067693824314,485.11019824510555,496.9904479980469,496.9904479980469,220312
10/09/2025,509.86071894245765,531.6411768390286,477.19003209760115,491.0503234863281,491.0503234863281,402387
11/09/2025,493.0303652373403,499.96051093344744,479.4670680040297,489.0702819824219,489.0702819824219,340478
12/09/2025,496.9904325738916,516.7908482142857,492.0403286637931,502.435546875,502.435546875,455957
15/09/2025,498.97048993177816,501.0495396824347,470.25988634443377,492.04034423828125,492.04034423828125,419126
16/09/2025,495.0104054906613,513.8208008993064,483.1301557588854,511.84075927734375,511.84075927734375,357998
17/09/2025,514.810822627459,527.6810931931454,476.2000109303995,496.9904479980469,496.9904479980469,489449
18/09/2025,513.8208270329301,581.1422456037186,510.85076444892474,552.431640625,552.431640625,738099
19/09/2025,548.4715587391572,565.301913429709,514.8108493580537,538.5713500976562,538.5713500976562,527716
22/09/2025,513.8208010182798,528.0771248701418,489.0702807380158,509.8607177734375,509.8607177734375,350945
23/09/2025,514.810807192119,518.7708903243661,485.11018370026596,485.6051940917969,485.6051940917969,443770
24/09/2025,494.0203872167763,511.84076190595863,471.2499084472656,471.2499084472656,471.2499084472656,449533
25/09/2025,451.44949674954375,452.43951757574894,381.15801808897885,406.8985595703125,406.8985595703125,1040486
26/09/2025,406.4035477428038,428.3820220932814,396.0083291038283,426.698974609375,426.698974609375,559469
29/09/2025,439.5692422734866,478.1800540948064,430.6590549301051,472.23992919921875,472.23992919921875,603586
30/09/2025,457.3896177230343,467.28982589885754,443.52932627688176,460.35968017578125,460.35968017578125,333862
01/10/2025,488.0802601554856,521.7409677524156,487.09023934381116,505.900634765625,505.900634765625,643273
02/10/2025,536.5913074880406,550.4515995633775,514.8108485125113,546.4915161132812,546.4915161132812,666995
03/10/2025,542.5314024217332,565.3018809905285,521.7409654676156,545.50146484375,545.50146484375,581394
06/10/2025,580.1521918544803,585.1022958805423,553.4216301137449,567.2819213867188,567.2819213867188,519809
07/10/2025,564.3118467519878,566.2918883195387,472.23991386087397,474.7149658203125,474.7149658203125,863817
08/10/2025,490.0603036880493,491.0503245035807,451.4494918823242,475.2099914550781,475.2099914550781,680904
09/10/2025,465.3097852212098,469.2698684996882,438.57922309148074,446.4993896484375,446.4993896484375,558936
10/10/2025,452.4395179092445,452.4395179092445,396.99835160089066,402.9384765625,402.9384765625,716163
13/10/2025,405.9085372642234,428.6790161839238,389.5731936913949,427.6889953613281,427.6889953613281,529820
14/10/2025,389.07818626990684,420.75885283641327,379.1779779678736,386.1081237792969,386.1081237792969,538735
15/10/2025,394.02829124049134,407.88858289216694,372.24783293071545,376.2079162597656,376.2079162597656,616293
16/10/2025,385.11810662280556,388.88017372825,339.5771479990291,344.5272521972656,344.5272521972656,809170
17/10/2025,331.6569802239331,364.3276678280817,330.66695938744374,357.39752197265625,357.39752197265625,922494
20/10/2025,376.20791658442073,396.9983540798755,368.2877499194855,372.2478332519531,372.2478332519531,787075
21/10/2025,365.3176864192541,396.6023507026434,360.3675822672317,385.11810302734375,385.11810302734375,602403
22/10/2025,365.3176908860928,375.71290973244504,321.7567738156644,333.63702392578125,333.63702392578125,855115
23/10/2025,341.5571900301201,351.4573984367903,326.7068774201149,340.5671691894531,340.5671691894531,568471
24/10/2025,355.41748081261005,357.39752248844627,342.5472099196743,351.4573974609375,351.4573974609375,555474
27/10/2025,375.71290675217546,376.20791716950373,359.37756298034174,365.31768798828125,365.31768798828125,575222
28/10/2025,364.3276531616032,369.2777571447772,336.6070708558291,338.09210205078125,338.09210205078125,556548
29/10/2025,338.58712978363036,341.55719232559204,312.84658775329586,316.8066711425781,316.8066711425781,713039
30/10/2025,303.93640529408174,306.906467886532,267.30563332052793,269.2856750488281,269.2856750488281,969693
31/10/2025,298.9862975067038,312.8465894441007,285.1260055693069,299.976318359375,299.976318359375,734021
03/11/2025,285.12600686961207,299.5803174271377,276.7108295835298,287.1060485839844,287.1060485839844,740031
04/11/2025,266.31559856354244,273.2457442510696,247.50520312596882,249.48524475097656,249.48524475097656,1077883
05/11/2025,256.41540447034333,265.3255922704711,248.49523753689644,263.3455505371094,263.3455505371094,691716
06/11/2025,257.4054127944581,258.3954336128983,223.74470496749046,227.20977783203125,227.20977783203125,914804
07/11/2025,198.9941840292025,238.59501667182985,194.04407994887407,235.6249542236328,235.6249542236328,1620227
10/11/2025,251.9602981468514,252.45530855578428,220.77464238407802,229.1898193359375,229.1898193359375,951858
11/11/2025,224.73472658209843,229.68483069183628,213.84449754067518,215.8245391845703,215.8245391845703,664808
12/11/2025,219.7846234577458,220.77464428413205,194.0440819717035,202.9542694091797,202.9542694091797,902599
13/11/2025,199.98420950753348,204.9343137032645,170.2835843331473,173.25364685058594,173.25364685058594,1070025
14/11/2025,159.3933564186096,173.2536482810974,149.49314794540405,158.40333557128906,158.40333557128906,1442108
17/11/2025,153.45323211268374,164.34346148842258,141.572981884605,150.48316955566406,150.48316955566406,1013618
18/11/2025,151.4731888629981,179.19377244576899,150.48316802075627,167.3135223388672,167.3135223388672,1264908
19/11/2025,160.3833801269531,162.36342185691552,127.11867302097725,133.65281677246094,133.65281677246094,1829302
20/11/2025,143.553018175866,144.54303899087196,113.85239372568682,119.79251861572266,119.79251861572266,1921789
21/11/2025,114.84241505850733,125.73264407267612,105.93222768327831,111.87235260009766,111.87235260009766,1849796
24/11/2025,113.35738314351728,123.75260168506254,106.92224785589403,122.76258087158203,122.76258087158203,1283418
25/11/2025,115.8324358086837,118.80249826531661,105.93222761990732,112.86237335205078,112.86237335205078,1256567
26/11/2025,114.84241472664526,123.75260207612637,109.89231064360021,116.82245635986328,116.82245635986328,1281898
28/11/2025,127.21767476188691,132.66278924585873,115.83243538630948,119.2975082397461,119.2975082397461,1073871
01/12/2025,106.92224856785366,111.87235266821726,90.28989576932821,110.88233184814453,110.88233184814453,2556104
02/12/2025,119.79251837158203,133.65280975341798,118.80249755859376,123.75260162353516,123.75260162353516,1774477
03/12/2025,126.92066602176764,136.12786266320063,120.78253996298527,133.55380249023438,133.55380249023438,1127970
04/12/2025,130.58374338155326,137.01887887250888,124.74262644006278,129.89073181152344,129.89073181152344,1748280
05/12/2025,126.02965598638335,128.75221329709797,116.22844815715887,120.08953094482422,120.08953094482422,1209070
08/12/2025,123.85160207393805,128.30670328131936,118.30748703723818,125.7326431274414,125.7326431274414,844280
09/12/2025,122.76258160172274,145.9290627323435,120.88154053427026,133.55380249023438,133.55380249023438,1149960
10/12/2025,133.85081070130673,135.9001610323603,123.55460030371341,126.72266387939453,126.72266387939453,1043850
11/12/2025,119.79251976505087,125.13863372802734,108.65478548937465,125.13863372802734,125.13863372802734,1236580
12/12/2025,124.04961311271168,127.1186686240865,114.8424163655492,115.2384262084961,115.2384262084961,885390
15/12/2025,114.34740405547664,114.99091909544507,94.34898662725115,96.62602996826172,96.62602996826172,1569010
16/12/2025,99.79410224854564,107.41725958487838,96.1805247242089,102.46715545654297,102.46715545654297,1106380
17/12/2025,102.86316261438222,106.92224638308835,93.80447078516316,94.00247192382812,94.00247192382812,1124750
18/12/2025,102.26915015696963,104.34819229573598,90.33939667114733,91.13141632080078,91.13141632080078,1236280
19/12/2025,97.0220412437362,101.77414424432503,94.84399844120102,98.0120620727539,98.0120620727539,896100
22/12/2025,103.4571733934945,105.33821442039171,97.12103877548986,97.71504974365234,97.71504974365234,937460
23/12/2025,95.33901114967242,95.75481809508236,88.50786575443333,89.9928970336914,89.9928970336914,1015810
24/12/2025,89.00287460722221,91.37892612267687,86.62682309176753,90.58690643310547,90.58690643310547,466640
26/12/2025,91.97293868809821,91.97293868809821,85.24079387124391,90.48790740966797,90.48790740966797,811430
29/12/2025,89.39888479620618,95.14100113129841,86.62682342529297,86.62682342529297,86.62682342529297,1024860
30/12/2025,87.31983187406918,90.98291338009369,85.24078969673597,86.82482147216797,86.82482147216797,857710
31/12/2025,87.31983376289993,87.91385230063814,81.87471922420242,82.2707290649414,82.2707290649414,762680
02/01/2026,85.2407896464065,91.8739335599218,79.99368392130738,87.8148422241211,87.8148422241211,1095910
05/01/2026,94.94299610932293,99.64559490331341,92.17093485156167,96.23001861572266,96.23001861572266,1351020
06/01/2026,98.30907215504106,99.00208371977567,84.00326652557774,88.60686492919922,88.60686492919922,1732610
07/01/2026,94.5469880233991,101.87314357984316,88.90387238780887,92.66594696044922,92.66594696044922,2339960
08/01/2026,88.90387346709473,102.46715580333364,86.181316187296,98.0120620727539,98.0120620727539,1903380
09/01/2026,97.61604809327137,98.30906717616752,84.84477842957077,86.923828125,86.923828125,2916210
12/01/2026,85.63679791691229,93.70546882667203,84.15176673916235,91.87393188476562,91.87393188476562,1366070
13/01/2026,94.44798677336183,104.94220584745553,92.56694572393482,104.05118560791016,104.05118560791016,1979330
14/01/2026,111.17934258740414,124.84162555333074,107.81327024394065,111.77335357666016,111.77335357666016,3515240
15/01/2026,111.67435056795271,112.4663626852641,100.19010311097351,101.08112335205078,101.08112335205078,2372120
16/01/2026,102.17014755934449,104.34819793701172,97.07154628130932,104.34819793701172,104.34819793701172,1951260
20/01/2026,93.55696269775386,94.29947827472016,86.28031155413592,88.01284790039062,88.01284790039062,2311500
21/01/2026,89.10187660808684,93.6064745023551,83.16175150088105,91.4779281616211,91.4779281616211,2013320
22/01/2026,91.27991660888894,92.56694669656203,86.775326408552,88.21085357666016,88.21085357666016,1360310
23/01/2026,88.2108504963134,97.02203699980463,85.78530259262195,90.38890075683594,90.38890075683594,1438050
26/01/2026,86.62681732131445,91.33931829850648,85.53779598564115,87.51783752441406,87.51783752441406,1291380
27/01/2026,87.12183215144417,88.70586395263672,83.70626334408337,88.70586395263672,88.70586395263672,1652770
28/01/2026,91.576921205575,93.01244830046689,83.7557556135822,85.53779602050781,85.53779602050781,1602830
29/01/2026,82.56774137881601,82.56774137881601,64.5493571633999,68.80644989013672,68.80644989013672,3593140
30/01/2026,65.63838421512848,76.13260352882864,65.35127726731639,74.84557342529297,74.84557342529297,2453920
02/02/2026,64.3513504086334,72.76652700053161,62.965319812257164,64.74736022949219,64.74736022949219,2439100
03/02/2026,65.09386697033638,65.24237159955172,52.66910680584904,58.51022720336914,58.51022720336914,4040850
04/02/2026,55.88667689216273,56.38168730967236,47.91700992558371,54.64915084838867,54.64915084838867,3586710
05/02/2026,47.32299618371914,48.80802746841721,33.66070911982288,36.13576126098633,36.13576126098633,6636890
06/02/2026,41.48187449795857,55.1441612658983,41.13536493972397,54.64915084838867,54.64915084838867,9381260
09/02/2026,48.6100206395851,58.510228816822774,46.82798392300826,57.421207427978516,57.421207427978516,5687880
10/02/2026,53.75812916250812,58.11422223187951,52.7978115460804,53.0156135559082,53.0156135559082,3617050
11/02/2026,53.461124897003174,53.56012546949387,45.73896316720645,47.520999908447266,47.520999908447266,4467670
12/02/2026,48.610021526766,49.15453600775576,43.31341156592736,45.04594802856445,45.04594802856445,3182330
13/02/2026,47.818004322587285,53.8571335238709,46.92698786040522,52.76810836791992,52.76810836791992,4323160
17/02/2026,49.05553212182024,51.33257931033759,46.54087826874995,48.70902633666992,48.70902633666992,3187200
18/02/2026,47.81800552637295,51.38208279471346,44.897443310777604,46.03596878051758,46.03596878051758,2752200
19/02/2026,44.6994426268093,49.50104221058403,43.560917145313944,49.204036712646484,49.204036712646484,2829910
20/02/2026,49.798045328027776,54.00563371479225,49.006029445845094,50.09505081176758,50.09505081176758,4216610
23/02/2026,47.81800399892044,49.600040687852136,43.956925135673366,44.64993667602539,44.64993667602539,3838620
24/02/2026,43.065906356979205,46.620081308539916,40.73935890351844,45.04594802856445,45.04594802856445,3057810
25/02/2026,49.00602932135822,54.74814917338336,48.31301400997268,53.06511306762695,53.06511306762695,5378060
26/02/2026,51.580084286831934,53.06511554779596,47.6200009242612,51.184078216552734,51.184078216552734,3012870
27/02/2026,47.81800308620673,49.40203860573421,46.92698664706275,48.412017822265625,48.412017822265625,2527140
02/03/2026,47.86750589924051,56.03517779441347,47.719005039851595,54.15414047241211,54.15414047241211,5092180
03/03/2026,50.78806845938288,53.13441679839554,46.48147930562966,50.19405746459961,50.19405746459961,3817290
04/03/2026,58.70823427839205,62.96532307863081,57.42120795877983,60.58927536010742,60.58927536010742,5389690
05/03/2026,59.401249241184544,60.44077034757933,53.46112431706609,54.9461555480957,54.9461555480957,4419970
06/03/2026,50.887072043724494,52.174098364137734,48.610021119189824,49.99605178833008,49.99605178833008,3140220
09/03/2026,51.679085486060885,54.84715273829009,51.283075663296145,53.85713195800781,53.85713195800781,2952940
10/03/2026,56.23318034267231,56.62919017091569,51.679086201021484,53.560123443603516,53.560123443603516,3816020
11/03/2026,54.64915016260676,56.77769266520961,50.88707179206917,53.461124420166016,53.461124420166016,3400290
12/03/2026,52.372101554000025,53.65912783187547,49.50103973851434,52.57010269165039,52.57010269165039,3157280
13/03/2026,57.42120524140779,60.04476181912394,53.31261749365524,54.352142333984375,54.352142333984375,4492340
16/03/2026,58.6092337245492,60.83678058571056,57.02519813507883,60.34177017211914,60.34177017211914,3333480
17/03/2026,58.906236885088624,64.15335008271111,58.41122649109628,62.47031021118164,62.47031021118164,2787610
18/03/2026,57.96571833244816,59.549753912524004,54.25314025253095,54.45114517211914,54.45114517211914,3313500
19/03/2026,49.996051608391525,53.64922708910115,48.61002094423967,52.47110366821289,52.47110366821289,3321050
20/03/2026,53.36212407253676,53.46112464455997,49.30303641687936,50.49106216430664,50.49106216430664,3205460
23/03/2026,52.66910782643818,53.51062400395258,49.11493296888253,52.27309799194336,52.27309799194336,3692930
24/03/2026,52.52060328377672,53.560124380308615,49.2535353618352,50.78806686401367,50.78806686401367,2933690
25/03/2026,53.659127075379004,56.28267987855515,51.13457483963231,52.86711120605469,52.86711120605469,3269760
26/03/2026,50.9365708502334,52.75820927097069,47.91700816941807,48.11500930786133,48.11500930786133,2534020
27/03/2026,45.639959197089304,46.23397396685557,41.58087526518723,43.0659065246582,43.0659065246582,3524020
30/03/2026,45.29345373781572,45.93696879884098,39.402828944456886,39.84833908081055,39.84833908081055,2939640
31/03/2026,40.83835972056669,42.27389069637318,37.37328677457921,42.07588577270508,42.07588577270508,4596710
01/04/2026,42.7689012590893,42.86790183293683,39.6998343736284,40.59085464477539,40.59085464477539,4511570
02/04/2026,38.511812566544485,40.39284991512175,36.23476159077911,38.61081314086914,38.61081314086914,3094580
06/04/2026,41.58087231839589,43.95692367581318,40.59085154891027,43.51141357421875,43.51141357421875,3192930
07/04/2026,41.877878636465816,42.768898857581306,39.0068206131718,40.739356994628906,40.739356994628906,3745890
08/04/2026,47.42199799870822,47.81800405413382,42.372889634837165,43.659915924072266,43.659915924072266,2902690
09/04/2026,43.26390984338916,46.332972821821876,41.97688355490543,44.15492630004883,44.15492630004883,2881940
10/04/2026,44.79844292678402,46.15477041760821,42.966905886838134,43.80842208862305,43.80842208862305,3060100
13/04/2026,42.47189385134203,46.43197705327118,41.38286870483373,46.38247299194336,46.38247299194336,3185560
14/04/2026,49.996051807308675,54.20364032574554,49.00603097944117,49.7485466003418,49.7485466003418,4473230
15/04/2026,51.48108199016657,54.25313949584961,49.501040375160166,54.25313949584961,54.25313949584961,2756430
16/04/2026,53.85713393418207,58.41122817993164,50.98607205536406,58.41122817993164,58.41122817993164,3229850
17/04/2026,62.56931623174754,77.02362238943036,61.87630090627137,71.9745101928711,71.9745101928711,7471530
20/04/2026,68.2619306111659,75.7365906147052,66.72740291498035,75.53858947753906,75.53858947753906,4549990
21/04/2026,75.29108613345348,77.27112776690909,69.20245659992558,69.49945831298828,69.49945831298828,4848690
22/04/2026,78.60765355522881,85.73580034149377,78.60765355522881,82.3697280883789,82.3697280883789,6100460
23/04/2026,79.3006639354442,83.75575749983162,75.1425796299863,76.03359985351562,76.03359985351562,4486330
24/04/2026,79.69667217757183,80.09268199718052,72.8160308307497,74.64756774902344,74.64756774902344,2655610
27/04/2026,74.25155796583876,78.65714738384156,71.47949678047715,72.91503143310547,72.91503143310547,3501280
28/04/2026,68.21243877646741,70.8359955665738,64.648365190502,69.79647064208984,69.79647064208984,3062950
29/04/2026,69.94497264016597,69.99446914934938,61.98520431861145,63.55933380126953,63.55933380126953,2710680
30/04/2026,66.33139185802821,70.2914749540299,64.05434105652361,69.20245361328125,69.20245361328125,2298000
01/05/2026,73.65754832960555,81.57771465422424,72.37051828055134,79.003662109375,79.003662109375,4038230
04/05/2026,82.12222275447753,86.69612159280832,79.99368406630825,84.84477996826172,84.84477996826172,4606270
05/05/2026,89.84438482182041,90.78490153143392,84.64677578254154,87.51783752441406,87.51783752441406,3666810
06/05/2026,85.29029079329455,88.70585942637418,82.76573481005548,87.51783752441406,87.51783752441406,3403540
07/05/2026,85.0427904735105,85.33979218938785,76.92461516745189,81.28070831298828,81.28070831298828,3328870
08/05/2026,79.49867492108073,87.7158432006836,78.60765467182613,87.7158432006836,87.7158432006836,2816370
11/05/2026,89.00286998860906,96.23001717955778,82.66673546061656,95.33900451660156,95.33900451660156,3518990
12/05/2026,90.58690534987319,91.66602442191916,79.5976757197208,84.25077056884766,84.25077056884766,3260220
13/05/2026,81.87471792838632,82.0727266222517,75.9345930710932,78.16213989257812,78.16213989257812,3273950
14/05/2026,78.11264438670462,91.18091621918913,75.14258191993456,85.73580169677734,85.73580169677734,4723710
15/05/2026,81.18170805246953,81.28070862480844,73.49914429746951,77.32062530517578,77.32062530517578,3528730
18/05/2026,69.79646460111597,69.79646460111597,63.55933070056368,67.71742248535156,67.71742248535156,4476670
19/05/2026,65.1433745149755,69.00444976150642,64.95526813769234,65.93538665771484,65.93538665771484,3037030
20/05/2026,67.02440343388845,69.49945537093394,64.74736018376204,66.72740173339844,66.72740173339844,3376600
21/05/2026,65.53937832452357,69.00445135640265,63.955346449173646,66.08389282226562,66.08389282226562,3066140
22/05/2026,65.24237472057165,66.38090019467435,61.282291369438425,61.77730178833008,61.77730178833008,3363360
26/05/2026,62.47031102082475,67.22241388604428,61.23278501980501,61.67829513549805,61.67829513549805,3343220
27/05/2026,59.20324574302581,59.81705760913097,57.025199129900955,57.322208404541016,57.322208404541016,2744700
28/05/2026,53.31261746661354,56.827194255220654,49.89704879856592,55.3421630859375,55.3421630859375,3568820
29/05/2026,54.15413860355163,62.77721887920889,52.76810797064171,60.68827438354492,60.68827438354492,3653060
01/06/2026,52.27309716675694,56.609389301840565,49.50103969894211,53.560123443603516,53.560123443603516,3822530
02/06/2026,48.362513073876315,48.61001826622292,42.27388760812735,43.75891876220703,43.75891876220703,6428990
03/06/2026,42.62039693790652,45.04594878146523,37.42278746312207,37.620792388916016,37.620792388916016,4721020
04/06/2026,37.620792244054094,40.3928498646058,37.026781245589376,39.1058235168457,39.1058235168457,5074280
05/06/2026,35.937754960847144,36.630770289212236,29.997630049083,33.759708404541016,33.759708404541016,7667510
08/06/2026,36.581270515685254,38.31380697253583,35.145739553254536,37.422786712646484,37.422786712646484,3683020
09/06/2026,34.700229561528566,36.33376545228918,29.70062509288547,31.3836612701416,31.3836612701416,4551890
10/06/2026,30.987649936057014,33.36370133997783,30.344136800959625,30.492639541625977,30.492639541625977,3616310
11/06/2026,30.78964648521834,33.36370087830393,29.30461532247451,32.868690490722656,32.868690490722656,4896220
12/06/2026,32.47268062675188,37.52178883933317,31.284656831128146,34.848731994628906,34.848731994628906,4073000
15/06/2026,40.19484181671781,41.77887731727167,38.61081009279348,38.808815002441406,38.808815002441406,5270350
16/06/2026,37.719792520158606,39.30382813126238,33.858713507392096,33.95771408081055,33.95771408081055,3654140
17/06/2026,34.15571764178375,35.333841035638315,30.492639921976668,30.591642379760742,30.591642379760742,4207880
18/06/2026,31.185656211617527,31.185656211617527,25.908845251978015,28.31459617614746,28.31459617614746,6705330
22/06/2026,30.096632629245303,32.027172100317934,25.74054138748734,26.730562210083008,26.730562210083008,5678250
23/06/2026,25.047525074666275,25.839542834690473,23.760498811059783,23.95850372314453,23.95850372314453,4336430
24/06/2026,23.36449104685572,23.562494072080334,18.612390116742887,19.50341033935547,19.50341033935547,8901950
25/06/2026,19.70141377233665,19.70141377233665,15.642329011444247,15.840332984924316,15.840332984924316,9594020
26/06/2026,14.998814798759973,16.622450200921886,14.454304112037546,14.553305625915527,14.553305625915527,8586850
29/06/2026,15.840333354791007,18.909398319944742,14.751310058986148,18.21638298034668,18.21638298034668,11602840
30/06/2026,15.790831563482591,16.533348107278595,14.652308021699714,16.03833770751953,16.03833770751953,10282550
01/07/2026,16.236341645207055,20.29542752858755,15.820532810552175,18.315385818481445,18.315385818481445,10352590
02/07/2026,20.889440115736996,22.57247441188198,19.99842173679966,21.28544807434082,21.28544807434082,12200600
06/07/2026,18.909398434402963,22.869481797071025,18.612391049213922,21.28544807434082,21.28544807434082,11179710
07/07/2026,21.285448217391966,22.374471527107563,19.602412021621056,19.800416946411133,19.800416946411133,8608950
08/07/2026,18.21638183940829,18.81039468067139,17.523368431530308,18.414386749267578,18.414386749267578,6896210
09/07/2026,18.414388281649735,19.50341159987108,17.919377854123212,18.315385818481445,18.315385818481445,6032560
10/07/2026,20.196425037376077,20.69143546421527,18.018380292272585,18.562891006469727,18.562891006469727,7395630
13/07/2026,17.325364276815876,18.216382633389152,16.78085358344189,17.62236976623535,17.62236976623535,6335310
14/07/2026,18.612390460774552,19.800416187340947,18.166882229548285,19.6024112701416,19.6024112701416,7630850
15/07/2026,20.592432079508647,21.38444985999119,19.10740086545808,19.6024112701416,19.6024112701416,8363750
16/07/2026,18.909397140991135,19.206402617549966,17.919376368042016,18.166881561279297,18.166881561279297,7908790
17/07/2026,16.929355590267207,18.909397135601036,16.63234822547827,18.414386749267578,18.414386749267578,7848980
20/07/2026,18.711392919374227,20.69143453810832,18.41438743189005,19.6024112701416,19.6024112701416,11850510
21/07/2026,20.889440115736996,22.374471376737517,20.394429695403485,21.28544807434082,21.28544807434082,13128250
22/07/2026,20.3944293862841,21.285447751716223,19.602411592766202,20.44392967224121,20.44392967224121,10623000
23/07/2026,19.30540672938029,19.40440919283497,17.325365013546413,17.820375442504883,17.820375442504883,9639090
24/07/2026,17.622369426872435,17.780772603287687,16.33534314641983,17.028358459472656,17.028358459472656,8165910
27/07/2026,17.919377736015065,19.800416970554785,17.850076578748507,19.55291175842285,19.55291175842285,12084960
28/07/2026,18.216382570883056,19.503410760019232,17.335264652089133,18.612390518188477,18.612390518188477,10820990
29/07/2026,18.612390199833282,20.09742139306407,17.424366378237536,17.52336883544922,17.52336883544922,11247050
30/07/2026,18.21638219672115,19.30540544567881,17.820374257549673,19.008399963378906,19.008399963378906,8200700
31/07/2026,18.018378839283706,18.117379406016276,15.840332381501362,17.424365997314453,17.424365997314453,12776480
03/08/2026,16.83035314506503,18.315384304923708,16.483845496768385,17.919376373291016,17.919376373291016,9423300
04/08/2026,17.523368421932556,19.107400146680217,17.325363512181717,18.90939712524414,18.90939712524414,10509580
05/08/2026,19.008400323731465,19.503410729158695,18.315385000807414,19.10740089416504,19.10740089416504,14002280
06/08/2026,18.414388256080954,19.206404183697693,18.018380292272585,18.562891006469727,18.562891006469727,12267800
07/08/2026,20.196423750114672,21.87945984942206,18.51338953912208,19.75091552734375,19.75091552734375,22287080
10/08/2026,19.602411727897707,20.097422144140726,18.216382940080223,18.711393356323242,18.711393356323242,15192060
11/08/2026,18.810396246007972,19.50341159987108,17.820375390954922,18.315385818481445,18.315385818481445,10950150
12/08/2026,18.612389781569536,18.909397146530136,17.62236900833042,17.919376373291016,17.919376373291016,9422330
13/08/2026,17.721372164672566,19.206403383304032,17.424366676272207,18.612390518188477,18.612390518188477,12897990
14/08/2026,17.72137188421067,17.820374341548906,16.63234863011972,17.028358459472656,17.028358459472656,9218860
17/08/2026,17.127359299557007,19.008400353808742,17.028358728966786,18.612390518188477,18.612390518188477,11954050
18/08/2026,17.919376810846913,18.612390236047457,16.731351098624813,16.780853271484375,16.780853271484375,13408880
19/08/2026,17.424366562517946,21.87946018932746,17.325364104259215,20.839937210083008,20.839937210083008,24465960
20/08/2026,24.453514484076454,24.65151751083453,22.473472886606775,24.057504653930664,24.057504653930664,24481050
21/08/2026,27.423576737879483,28.21559261742875,25.54253571939905,27.02756690979004,27.02756690979004,20783550
24/08/2026,28.17599067827588,30.903499002624557,27.06716845481765,28.57200050354004,28.57200050354004,10353300
25/08/2026,26.979999542236328,31.329999923706055,26.549999237060547,30.5,30.5,6780200
26/08/2026,28.790000915527344,29.84000015258789,27.59000015258789,28.709999084472656,28.709999084472656,8910300
27/08/2026,30.309999465942383,36.40999984741211,29.299999237060547,35.34000015258789,35.34000015258789,8526200
28/08/2026,33.5,34.5,29.59000015258789,30.049999237060547,30.049999237060547,7080800
